id,score
1,2
2,0
3,0
4,0
5,-2
6,-2
7,-2
8,-2
9,-1
10,-2
11,-1
12,-2
13,-2
14,-2
15,-1
16,-2
17,-2
18,2
19,2
20,2
21,0
22,0
23,2
24,2
25,2
26,2
27,2
28,2
29,-1
30,1
31,2
32,1
33,2
34,0
35,0
36,2
37,-1
38,0
39,2
40,2
41,1
42,0
43,0
44,2
45,2
46,0
47,0
48,-2
49,-2
50,2
51,2
52,-2
53,-2
54,2
55,-2
56,0
57,1
58,0
59,0
60,2
61,2
62,1
63,1
64,2
65,2
66,1
67,1
68,2
69,0
70,2
71,2
72,-2
73,2
74,2
75,2
76,-2
77,-2
78,0
79,-1
80,0
81,0
82,0
83,-2
84,-2
85,1
86,0
87,0
88,0
89,1
90,0
91,1
92,0
93,1
94,2
95,-2
96,-1
97,0
98,-1
99,1
100,2
101,-2
102,0
103,-2
104,2
105,0
106,0
107,2
108,-1
109,0
110,-2
111,-2
112,-1
113,1
114,1
115,-2
116,-2
117,0
118,2
119,0
120,2
121,-2
122,-2
123,-2
124,-2
125,2
126,-1
127,-1
128,-2
129,-2
130,-1
131,0
132,0
133,0
134,0
135,-1
136,0
137,0
138,2
139,1
140,1
141,0
142,99
143,-2
144,2
145,1
146,0
147,0
148,-2
149,0
150,2
151,-1
152,-2
153,2
154,-2
155,-2
156,2
157,0
158,-1
159,0
160,0
161,1
162,1
163,2
164,-2
165,-2
166,0
167,0
168,0
169,2
170,2
171,-2
172,0
173,-1
174,-2
175,2
176,0
177,0
178,2
179,-2
180,-2
181,-2
182,-2
183,1
184,-1
185,1
186,0
187,0
188,0
189,0
190,2
191,1
192,2
193,2
194,-2
195,1
196,-1
197,-2
198,2
199,0
200,0
201,-1
202,2
203,1
204,0
205,99
206,0
207,0
208,1
209,0
210,-1
211,-1
212,-1
213,-1
214,2
215,-2
216,-2
217,2
218,1
219,2
220,2
221,2
222,-2
223,-1
224,-2
225,-1
226,-2
227,0
228,1
229,2
230,0
231,0
232,2
233,2
234,1
235,1
236,-2
237,0
238,-2
239,2
240,0
241,-1
242,1
243,-1
244,-2
245,-2
246,-2
247,-2
248,-2
249,-2
250,2
251,-1
252,-2
253,-2
254,-1
255,-2
256,-1
257,1
258,2
259,1
260,-2
261,-2
262,0
263,-1
264,-2
265,-2
266,0
267,1
268,-2
269,-2
270,-1
271,-2
272,-2
273,-2
274,-1
275,-2
276,1
277,-2
278,-1
279,-1
280,0
281,-1
282,-2
283,0
284,0
285,0
286,-2
287,-1
288,0
289,-1
290,-1
291,0
292,-1
293,0
294,-2
295,0
296,1
297,-2
298,2
299,2
300,-2
301,-2
302,0
303,1
304,0
305,-2
306,-2
307,-2
308,-2
309,-2
310,-1
311,-1
312,-2
313,-1
314,-2
315,-2
316,-2
317,-1
318,-1
319,-2
320,-2
321,-1
322,-1
323,-2
324,-1
325,-1
326,-2
327,-2
328,-2
329,-2
330,-2
331,-2
332,-2
333,-2
334,-2
335,0
336,-1
337,1
338,-2
339,2
340,2
341,-1
342,0
343,-2
344,-2
345,2
346,-2
347,-1
348,-1
349,-1
350,-2
351,-2
352,2
353,-1
354,-2
355,2
356,0
357,0
358,0
359,-1
360,-1
361,2
362,-1
363,-1
364,2
365,1
366,1
367,0
368,-1
369,2
370,-2
371,-2
372,0
373,1
374,0
375,-2
376,-2
377,2
378,2
379,-1
380,-1
381,-1
382,2
383,0
384,2
385,-1
386,-1
387,-2
388,-1
389,-2
390,1
391,0
392,-1
393,-1
394,2
395,2
396,1
397,0
398,-2
399,0
400,0
401,2
402,0
403,0
404,0
405,0
406,0
407,-2
408,-2
409,-2
410,0
411,-2
412,-2
413,0
414,0
415,0
416,-2
417,0
418,-1
419,0
420,-2
421,0
422,-1
423,0
424,-2
425,-2
426,-2
427,-2
428,-1
429,-2
430,0
431,-1
432,2
433,-2
434,-2
435,-2
436,-2
437,-2
438,0
439,-2
440,-2
441,-2
442,-2
443,-2
444,-2
445,-1
446,2
447,-2
448,-2
449,-2
450,2
451,-2
452,-1
453,-2
454,-2
455,-2
456,2
457,-1
458,-1
459,-2
460,-2
461,-1
462,0
463,-2
464,0
465,-2
466,-2
467,-1
468,-2
469,-2
470,0
471,-2
472,-2
473,-2
474,-2
475,-2
476,-2
477,-2
478,-1
479,-2
480,-2
481,-2
482,-2
483,-2
484,-2
485,-2
486,-1
487,2
488,-1
489,-1
490,-2
491,2
492,-1
493,-1
494,-2
495,-2
496,-2
497,1
498,-2
499,0
500,-1
501,2
502,-1
503,-1
504,2
505,-2
506,-2
507,-2
508,-2
509,-2
510,-2
511,-1
512,-2
513,2
514,2
515,-2
516,-2
517,-2
518,0
519,0
520,-2
521,-1
522,-2
523,2
524,-2
525,-2
526,1
527,-1
528,-2
529,-2
530,-2
531,-2
532,-2
533,-1
534,-1
535,-1
536,-1
537,-2
538,1
539,-1
540,-2
541,-1
542,0
543,1
544,-1
545,1
546,1
547,2
548,-2
549,0
550,-1
551,-1
552,-2
553,-2
554,1
555,2
556,2
557,2
558,-2
559,2
560,-2
561,1
562,-1
563,-1
564,-1
565,-1
566,-1
567,-1
568,-1
569,2
570,-2
571,-2
572,-2
573,-1
574,-1
575,-1
576,-1
577,-1
578,-2
579,-1
580,-1
581,-2
582,-2
583,-2
584,-2
585,-1
586,-2
587,-1
588,1
589,-1
590,-1
591,-1
592,-1
593,-1
594,2
595,-2
596,-1
597,-2
598,-2
599,2
600,2
601,-1
602,0
603,2
604,-1
605,1
606,0
607,0
608,-1
609,-1
610,-2
611,-2
612,1
613,-1
614,-1
615,1
616,1
617,1
618,1
619,1
620,1
621,-1
622,-1
623,-1
624,-1
625,1
626,-2
627,2
628,-2
629,-1
630,-1
631,0
632,-1
633,0
634,-2
635,2
636,1
637,1
638,1
639,1
640,0
641,-2
642,-1
643,-1
644,-1
645,0
646,-1
647,0
648,0
649,-1
650,0
651,0
652,0
653,0
654,0
655,2
656,1
657,1
658,0
659,0
660,2
661,-2
662,-2
663,0
664,1
665,1
666,-2
667,0
668,1
669,1
670,2
671,-1
672,0
673,0
674,0
675,-2
676,1
677,-1
678,-1
679,-1
680,1
681,-2
682,-2
683,-1
684,-1
685,1
686,2
687,-2
688,-2
689,-1
690,-1
691,-2
692,1
693,-1
694,0
695,0
696,1
697,-1
698,-1
699,1
700,-2
701,-2
702,-1
703,0
704,0
705,-2
706,-2
707,1
708,2
709,0
710,2
711,2
712,2
713,0
714,1
715,-2
716,-2
717,0
718,0
719,0
720,0
721,0
722,2
723,1
724,-1
725,-1
726,2
727,0
728,0
729,0
730,1
731,1
732,1
733,1
734,1
735,2
736,2
737,2
738,1
739,1
740,1
741,1
742,1
743,0
744,0
745,2
746,1
747,1
748,2
749,2
750,0
751,0
752,0
753,0
754,0
755,0
756,-1
757,-1
758,0
759,1
760,1
761,1
762,1
763,-2
764,0
765,0
766,0
767,0
768,1
769,2
770,0
771,1
772,-1
773,0
774,2
775,2
776,0
777,1
778,1
779,0
780,0
781,-1
782,2
783,-1
784,2
785,-1
786,1
787,1
788,1
789,2
790,1
791,0
792,0
793,0
794,0
795,0
796,0
797,2
798,1
799,-2
800,1
801,1
802,1
803,-1
804,-1
805,2
806,0
807,0
808,2
809,-2
810,-2
811,2
812,0
813,0
814,0
815,0
816,0
817,0
818,0
819,1
820,-1
821,2
822,0
823,1
824,2
825,1
826,-2
827,2
828,2
829,0
830,1
831,2
832,2
833,-1
834,-1
835,0
836,0
837,0
838,0
839,-1
840,0
841,0
842,1
843,-1
844,-2
845,1
846,1
847,-1
848,1
849,-2
850,-2
851,-1
852,-2
853,-2
854,-2
855,-2
856,0
857,2
858,-1
859,1
860,-1
861,0
862,-2
863,0
864,2
865,-1
866,-2
867,2
868,-1
869,2
870,0
871,0
872,-2
873,-1
874,2
875,-1
876,-1
877,-2
878,-1
879,0
880,-1
881,0
882,-2
883,-2
884,-1
885,2
886,0
887,-2
888,1
889,0
890,-1
891,-1
892,-2
893,2
894,-1
895,-1
896,-2
897,0
898,-2
899,-1
900,-1
901,-1
902,-1
903,0
904,-2
905,-2
906,-2
907,-1
908,-1
909,2
910,2
911,0
912,-1
913,1
914,2
915,-2
916,-2
917,-1
918,1
919,-1
920,2
921,1
922,-2
923,-1
924,-1
925,1
926,2
927,0
928,-2
929,-2
930,1
931,1
932,0
933,0
934,2
935,0
936,1
937,2
938,2
939,-2
940,-1
941,-1
942,0
943,0
944,0
945,0
946,-1
947,-1
948,-1
949,-1
950,-1
951,-1
952,-1
953,-1
954,1
955,0
956,-2
957,-2
958,-2
959,-1
960,-1
961,-1
962,-2
963,2
964,-1
965,-2
966,-2
967,-1
968,2
969,-1
970,2
971,-1
972,-1
973,-2
974,-2
975,2
976,2
977,2
978,1
979,2
980,-1
981,0
982,-2
983,-2
984,-1
985,-1
986,-1
987,-1
988,-2
989,-1
990,1
991,0
992,2
993,-2
994,-1
995,-1
996,-2
997,-1
998,-1
999,-1
1000,0
1001,-2
1002,-1
1003,0
1004,-1
1005,0
1006,-2
1007,-1
1008,1
1009,-2
1010,1
1011,2
1012,2
1013,0
1014,2
1015,-2
1016,0
1017,-2
1018,99
1019,2
1020,2
1021,2
1022,1
1023,-1
1024,-2
1025,0
1026,0
1027,2
1028,0
1029,0
1030,0
1031,0
1032,-1
1033,0
1034,0
1035,0
1036,-1
1037,2
1038,0
1039,-2
1040,0
1041,-1
1042,-2
1043,-1
1044,-1
1045,0
1046,0
1047,-2
1048,0
1049,1
1050,0
1051,-2
1052,-2
1053,1
1054,1
1055,0
1056,0
1057,0
1058,0
1059,0
1060,0
1061,0
1062,-1
1063,0
1064,0
1065,1
1066,1
1067,-1
1068,2
1069,2
1070,1
1071,1
1072,1
1073,1
1074,1
1075,-1
1076,2
1077,1
1078,-2
1079,2
1080,-1
1081,-2
1082,1
1083,1
1084,-1
1085,-2
1086,-2
1087,-2
1088,0
1089,0
1090,1
1091,-2
1092,2
1093,0
1094,1
1095,1
1096,2
1097,-1
1098,1
1099,-2
1100,0
1101,0
1102,0
1103,1
1104,-2
1105,-2
1106,-1
1107,-1
1108,0
1109,2
1110,-1
1111,1
1112,-1
1113,-1
1114,-2
1115,-2
1116,-2
1117,2
1118,-1
1119,-1
1120,-2
1121,1
1122,0
1123,0
1124,2
1125,2
1126,2
1127,2
1128,1
1129,1
1130,1
1131,0
1132,0
1133,-1
1134,1
1135,0
1136,0
1137,0
1138,0
1139,0
1140,-1
1141,-1
1142,2
1143,-2
1144,-2
1145,-1
1146,2
1147,2
1148,0
1149,0
1150,0
1151,0
1152,0
1153,-2
1154,1
1155,2
1156,2
1157,1
1158,-2
1159,-1
1160,-2
1161,-2
1162,2
1163,-1
1164,1
1165,-2
1166,-1
1167,-1
1168,-1
1169,-1
1170,-1
1171,-1
1172,1
1173,2
1174,-1
1175,2
1176,0
1177,-1
1178,-1
1179,-2
1180,-1
1181,-1
1182,-1
1183,2
1184,-2
1185,2
1186,-2
1187,1
1188,-1
1189,-1
1190,1
1191,-1
1192,-1
1193,-1
1194,-1
1195,-2
1196,-1
1197,1
1198,-2
1199,-2
1200,-1
1201,-2
1202,0
1203,2
1204,2
1205,-1
1206,2
1207,-2
1208,2
1209,2
1210,1
1211,-2
1212,1
1213,-2
1214,0
1215,1
1216,2
1217,-1
1218,1
1219,1
1220,1
1221,2
1222,2
1223,-2
1224,2
1225,2
1226,0
1227,-2
1228,0
1229,1
1230,1
1231,-2
1232,0
1233,0
1234,-1
1235,2
1236,1
1237,2
1238,0
1239,2
1240,-1
1241,2
1242,-1
1243,0
1244,-1
1245,0
1246,0
1247,-1
1248,0
1249,2
1250,2
1251,2
1252,1
1253,0
1254,-1
1255,-2
1256,-2
1257,2
1258,-2
1259,-2
1260,-1
1261,0
1262,0
1263,0
1264,1
1265,1
1266,1
1267,-2
1268,1
1269,2
1270,0
1271,-1
1272,1
1273,0
1274,1
1275,1
1276,-1
1277,-1
1278,0
1279,-1
1280,0
1281,-1
1282,-2
1283,-1
1284,-2
1285,2
1286,-2
1287,-1
1288,-2
1289,-1
1290,-1
1291,-1
1292,0
1293,-1
1294,-1
1295,-2
1296,-1
1297,-1
1298,0
1299,-2
1300,1
1301,1
1302,-1
1303,-1
1304,-2
1305,1
1306,-2
1307,0
1308,-1
1309,-1
1310,1
1311,-1
1312,2
1313,-2
1314,-1
1315,-2
1316,-2
1317,-2
1318,2
1319,-1
1320,2
1321,-1
1322,-2
1323,-2
1324,-2
1325,-1
1326,2
1327,1
1328,-1
1329,-2
1330,-1
1331,2
1332,-1
1333,-1
1334,-2
1335,-2
1336,-2
1337,-2
1338,-1
1339,1
1340,-2
1341,-1
1342,-2
1343,0
1344,-1
1345,-1
1346,0
1347,0
1348,-2
1349,1
1350,1
1351,1
1352,1
1353,2
1354,-1
1355,0
1356,-1
1357,1
1358,0
1359,1
1360,0
1361,-1
1362,-1
1363,-1
1364,0
1365,-2
1366,-1
1367,-2
1368,-1
1369,-2
1370,-2
1371,-1
1372,1
1373,1
1374,-1
1375,0
1376,-1
1377,-1
1378,0
1379,0
1380,-1
1381,-1
1382,0
1383,-2
1384,2
1385,-1
1386,-1
1387,-1
1388,-1
1389,-1
1390,0
1391,-1
1392,-2
1393,-1
1394,-1
1395,-1
1396,0
1397,-1
1398,-2
1399,-1
1400,-2
1401,-1
1402,-1
1403,-2
1404,-2
1405,-1
1406,2
1407,-1
1408,2
1409,-1
1410,-1
1411,0
1412,0
1413,-1
1414,0
1415,0
1416,-1
1417,-2
1418,-1
1419,-1
1420,2
1421,-1
1422,2
1423,1
1424,2
1425,1
1426,-1
1427,-2
1428,-1
1429,2
1430,-1
1431,1
1432,-1
1433,1
1434,-2
1435,0
1436,-2
1437,-1
1438,0
1439,2
1440,1
1441,0
1442,0
1443,0
1444,-1
1445,0
1446,0
1447,0
1448,1
1449,1
1450,1
1451,-1
1452,2
1453,2
1454,-2
1455,-1
1456,0
1457,0
1458,1
1459,0
1460,0
1461,0
1462,1
1463,-1
1464,0
1465,-1
1466,-2
1467,1
1468,-2
1469,0
1470,-1
1471,-1
1472,0
1473,1
1474,1
1475,2
1476,2
1477,2
1478,0
1479,1
1480,1
1481,-1
1482,1
1483,1
1484,0
1485,0
1486,-1
1487,-1
1488,0
1489,0
1490,1
1491,1
1492,2
1493,1
1494,2
1495,0
1496,-1
1497,0
1498,0
1499,-1
1500,-1
1501,2
1502,0
1503,1
1504,1
1505,1
1506,1
1507,0
1508,0
1509,-2
1510,-1
1511,-2
1512,0
1513,0
1514,-1
1515,0
1516,-2
1517,2
1518,0
1519,2
1520,-1
1521,-2
1522,-1
1523,0
1524,0
1525,1
1526,0
1527,-1
1528,0
1529,-2
1530,-2
1531,0
1532,0
1533,0
1534,-1
1535,-1
1536,-1
1537,-2
1538,-2
1539,2
1540,0
1541,0
1542,-1
1543,-1
1544,0
1545,1
1546,0
1547,-1
1548,0
1549,0
1550,2
1551,0
1552,0
1553,99
1554,-2
1555,-1
1556,-2
1557,1
1558,0
1559,0
1560,-2
1561,-1
1562,-2
1563,1
1564,1
1565,0
1566,0
1567,1
1568,-1
1569,-1
1570,-1
1571,0
1572,0
1573,-1
1574,-1
1575,-2
1576,0
1577,0
1578,1
1579,-1
1580,0
1581,-1
1582,0
1583,0
1584,0
1585,1
1586,0
1587,-2
1588,0
1589,-1
1590,-1
1591,0
1592,0
1593,0
1594,-1
1595,-1
1596,2
1597,-2
1598,-1
1599,0
1600,-1
1601,-1
1602,-2
1603,-1
1604,0
1605,0
1606,0
1607,-2
1608,2
1609,1
1610,0
1611,-2
1612,0
1613,0
1614,0
1615,2
1616,1
1617,-1
1618,1
1619,0
1620,1
1621,-1
1622,0
1623,0
1624,0
1625,1
1626,0
1627,0
1628,0
1629,-1
1630,-1
1631,-1
1632,-1
1633,-2
1634,-1
1635,-1
1636,0
1637,2
1638,0
1639,-1
1640,-2
1641,-2
1642,0
1643,0
1644,1
1645,0
1646,0
1647,0
1648,-1
1649,1
1650,-1
1651,0
1652,0
1653,0
1654,1
1655,1
1656,0
1657,0
1658,0
1659,1
1660,-1
1661,-1
1662,1
1663,1
1664,-1
1665,2
1666,0
1667,0
1668,0
1669,0
1670,1
1671,2
1672,-1
1673,0
1674,-1
1675,0
1676,-1
1677,1
1678,-1
1679,-1
1680,-1
1681,2
1682,-2
1683,-2
1684,-1
1685,-2
1686,-1
1687,2
1688,-1
1689,1
1690,0
1691,0
1692,-1
1693,0
1694,1
1695,-1
1696,0
1697,0
1698,1
1699,-1
1700,1
1701,0
1702,0
1703,1
1704,-1
1705,-2
1706,1
1707,0
1708,0
1709,-1
1710,-1
1711,-1
1712,-2
1713,2
1714,-2
1715,1
1716,-2
1717,-1
1718,0
1719,-1
1720,1
1721,0
1722,-1
1723,-1
1724,0
1725,0
1726,0
1727,-1
1728,-1
1729,-1
1730,1
1731,-1
1732,-1
1733,2
1734,-2
1735,2
1736,2
1737,-1
1738,0
1739,1
1740,2
1741,2
1742,-1
1743,1
1744,-1
1745,0
1746,0
1747,-2
1748,0
1749,-2
1750,-1
1751,-1
1752,-2
1753,2
1754,1
1755,-1
1756,2
1757,-2
1758,-1
1759,-2
1760,2
1761,-1
1762,0
1763,2
1764,1
1765,0
1766,0
1767,2
1768,2
1769,2
1770,2
1771,0
1772,1
1773,0
1774,-1
1775,1
1776,1
1777,-1
1778,-1
1779,2
1780,1
1781,0
1782,2
1783,0
1784,0
1785,2
1786,-2
1787,-2
1788,1
1789,0
1790,-1
1791,1
1792,-1
1793,-1
1794,2
1795,0
1796,-1
1797,1
1798,0
1799,1
1800,-1
1801,-1
1802,0
1803,0
1804,-2
1805,-2
1806,1
1807,-1
1808,-1
1809,2
1810,2
1811,-2
1812,2
1813,1
1814,1
1815,1
1816,2
1817,-1
1818,1
1819,0
1820,1
1821,0
1822,0
1823,0
1824,1
1825,-1
1826,2
1827,0
1828,-1
1829,0
1830,1
1831,0
1832,0
1833,0
1834,-2
1835,0
1836,0
1837,0
1838,0
1839,-2
1840,2
1841,1
1842,2
1843,-1
1844,-1
1845,0
1846,-1
1847,1
1848,-1
1849,-1
1850,1
1851,1
1852,-1
1853,-2
1854,-1
1855,0
1856,1
1857,0
1858,1
1859,1
1860,-1
1861,0
1862,1
1863,-1
1864,1
1865,1
1866,0
1867,-1
1868,-1
1869,0
1870,0
1871,1
1872,1
1873,-1
1874,2
1875,2
1876,0
1877,-1
1878,-1
1879,0
1880,-1
1881,-2
1882,1
1883,1
1884,-1
1885,-1
1886,-2
1887,2
1888,-1
1889,0
1890,-2
1891,1
1892,1
1893,1
1894,2
1895,-1
1896,-1
1897,-2
1898,0
1899,0
1900,-2
1901,0
1902,0
1903,0
1904,0
1905,1
1906,0
1907,1
1908,0
1909,0
1910,0
1911,2
1912,0
1913,0
1914,-2
1915,2
1916,-1
1917,-2
1918,-1
1919,0
1920,0
1921,-1
1922,0
1923,1
1924,-2
1925,-1
1926,-1
1927,0
1928,1
1929,1
1930,-1
1931,-1
1932,0
1933,2
1934,0
1935,2
1936,-2
1937,1
1938,0
1939,0
1940,1
1941,0
1942,0
1943,0
1944,-1
1945,1
1946,-2
1947,0
1948,0
1949,-1
1950,0
1951,0
1952,2
1953,1
1954,-1
1955,2
1956,2
1957,0
1958,2
1959,1
1960,1
1961,1
1962,1
1963,1
1964,0
1965,0
1966,1
1967,1
1968,1
1969,0
1970,0
1971,1
1972,0
1973,1
1974,2
1975,-2
1976,2
1977,-1
1978,-1
1979,-1
1980,1
1981,-1
1982,1
1983,0
1984,2
1985,0
1986,-2
1987,-2
1988,-1
1989,-2
1990,2
1991,1
1992,2
1993,2
1994,-2
1995,-2
1996,2
1997,-2
1998,1
1999,2
2000,0
2001,2
2002,1
2003,0
2004,0
2005,2
2006,1
2007,-1
2008,0
2009,-2
2010,-1
2011,2
2012,0
2013,0
2014,0
2015,0
2016,-2
2017,-2
2018,2
2019,-1
2020,-1
2021,0
2022,-1
2023,0
2024,1
2025,0
2026,2
2027,-1
2028,-1
2029,-1
2030,0
2031,0
2032,0
2033,-1
2034,-1
2035,-1
2036,1
2037,0
2038,-2
2039,1
2040,0
2041,-1
2042,-2
2043,-1
2044,0
2045,0
2046,-2
2047,1
2048,1
2049,1
2050,0
2051,1
2052,1
2053,2
2054,-1
2055,1
2056,-1
2057,0
2058,2
2059,1
2060,1
2061,-1
2062,0
2063,-2
2064,-2
2065,-2
2066,-2
2067,1
2068,-1
2069,1
2070,0
2071,0
2072,0
2073,1
2074,2
2075,0
2076,0
2077,2
2078,-2
2079,-1
2080,-1
2081,-2
2082,-2
2083,0
2084,-2
2085,-1
2086,1
2087,1
2088,-1
2089,1
2090,2
2091,2
2092,0
2093,-2
2094,-1
2095,1
2096,-1
2097,0
2098,1
2099,0
2100,1
2101,1
2102,1
2103,1
2104,0
2105,0
2106,1
2107,0
2108,0
2109,0
2110,1
2111,0
2112,1
2113,-2
2114,0
2115,0
2116,-1
2117,-1
2118,1
2119,1
2120,0
2121,1
2122,1
2123,0
2124,2
2125,-2
2126,1
2127,-2
2128,-2
2129,0
2130,0
2131,-1
2132,1
2133,-2
2134,1
2135,1
2136,1
2137,1
2138,1
2139,-1
2140,0
2141,1
2142,0
2143,1
2144,1
2145,-1
2146,0
2147,0
2148,1
2149,2
2150,0
2151,0
2152,0
2153,1
2154,0
2155,2
2156,0
2157,1
2158,-1
2159,2
2160,0
2161,-1
2162,-1
2163,0
2164,1
2165,1
2166,2
2167,0
2168,0
2169,0
2170,0
2171,0
2172,-1
2173,-1
2174,0
2175,-1
2176,0
2177,1
2178,0
2179,0
2180,0
2181,1
2182,0
2183,0
2184,0
2185,0
2186,1
2187,0
2188,-1
2189,0
2190,0
2191,0
2192,2
2193,1
2194,-1
2195,1
2196,2
2197,0
2198,0
2199,2
2200,2
2201,-1
2202,-2
2203,-1
2204,0
2205,-2
2206,2
2207,-1
2208,-1
2209,-2
2210,-1
2211,1
2212,-1
2213,-1
2214,-1
2215,1
2216,2
2217,-2
2218,0
2219,-2
2220,1
2221,-1
2222,-1
2223,-2
2224,-1
2225,0
2226,1
2227,-2
2228,-1
2229,-2
2230,-2
2231,1
2232,-1
2233,-1
2234,-2
2235,-1
2236,-1
2237,0
2238,1
2239,-1
2240,-1
2241,-1
2242,-2
2243,-2
2244,-2
2245,1
2246,0
2247,0
2248,1
2249,0
2250,-1
2251,-1
2252,-1
2253,-1
2254,-1
2255,1
2256,-2
2257,0
2258,-1
2259,-1
2260,0
2261,-1
2262,0
2263,2
2264,-1
2265,1
2266,-1
2267,0
2268,0
2269,0
2270,0
2271,1
2272,1
2273,1
2274,0
2275,0
2276,-1
2277,0
2278,0
2279,-1
2280,-1
2281,0
2282,1
2283,0
2284,2
2285,-1
2286,1
2287,1
2288,0
2289,0
2290,0
2291,1
2292,1
2293,1
2294,0
2295,-1
2296,0
2297,-2
2298,1
2299,1
2300,2
2301,0
2302,-2
2303,0
2304,1
2305,-2
2306,1
2307,-2
2308,-1
2309,-1
2310,-1
2311,1
2312,-2
2313,-2
2314,1
2315,-2
2316,-1
2317,0
2318,0
2319,2
2320,-2
2321,-1
2322,-1
2323,-2
2324,1
2325,0
2326,-1
2327,-1
2328,-2
2329,1
2330,0
2331,0
2332,2
2333,0
2334,0
2335,0
2336,-2
2337,0
2338,1
2339,-1
2340,0
2341,1
2342,1
2343,-2
2344,-2
2345,1
2346,-2
2347,-1
2348,0
2349,0
2350,1
2351,0
2352,-1
2353,0
2354,1
2355,2
2356,0
2357,-1
2358,0
2359,0
2360,-1
2361,1
2362,0
2363,-1
2364,-1
2365,-1
2366,-1
2367,-2
2368,2
2369,-1
2370,0
2371,-2
2372,-1
2373,-2
2374,1
2375,-1
2376,1
2377,2
2378,-1
2379,0
2380,1
2381,1
2382,0
2383,-1
2384,1
2385,0
2386,1
2387,-1
2388,2
2389,1
2390,1
2391,0
2392,-1
2393,1
2394,1
2395,0
2396,0
2397,2
2398,1
2399,2
2400,1
2401,-1
2402,1
2403,-1
2404,1
2405,0
2406,1
2407,2
2408,2
2409,2
2410,0
2411,2
2412,-2
2413,2
2414,1
2415,0
2416,0
2417,0
2418,1
2419,0
2420,1
2421,1
2422,0
2423,2
2424,1
2425,0
2426,0
2427,0
2428,0
2429,-2
2430,1
2431,1
2432,0
2433,1
2434,0
2435,0
2436,0
2437,0
2438,0
2439,2
2440,-2
2441,-1
2442,0
2443,0
2444,2
2445,2
2446,-2
2447,0
2448,-1
2449,1
2450,1
2451,1
2452,1
2453,0
2454,-2
2455,2
2456,-1
2457,0
2458,1
2459,-2
2460,-1
2461,0
2462,1
2463,0
2464,-1
2465,0
2466,1
2467,0
2468,0
2469,-2
2470,1
2471,-1
2472,2
2473,-2
2474,-1
2475,-2
2476,1
2477,-2
2478,-1
2479,2
2480,-1
2481,1
2482,1
2483,0
2484,-1
2485,0
2486,0
2487,2
2488,1
2489,1
2490,-2
2491,2
2492,0
2493,2
2494,2
2495,0
2496,2
2497,-1
2498,1
2499,-2
2500,-1
2501,2
2502,2
2503,-1
2504,-1
2505,-1
2506,-1
2507,0
2508,-2
2509,-1
2510,-2
2511,1
2512,1
2513,-2
2514,-1
2515,1
2516,1
2517,0
2518,0
2519,0
2520,1
2521,-1
2522,-1
2523,-1
2524,1
2525,2
2526,2
2527,2
2528,0
2529,0
2530,1
2531,0
2532,-1
2533,2
2534,1
2535,-1
2536,-2
2537,1
2538,0
2539,0
2540,-1
2541,-1
2542,-2
2543,1
2544,1
2545,-1
2546,0
2547,0
2548,0
2549,-1
2550,1
2551,2
2552,0
2553,2
2554,1
2555,2
2556,2
2557,-1
2558,0
2559,-1
2560,0
2561,2
2562,-1
2563,1
2564,-1
2565,0
2566,-2
2567,-2
2568,-1
2569,-1
2570,-1
2571,0
2572,-1
2573,1
2574,-2
2575,1
2576,-1
2577,-1
2578,-2
2579,-1
2580,1
2581,-1
2582,-2
2583,-1
2584,-1
2585,-1
2586,-1
2587,-1
2588,-1
2589,1
2590,-1
2591,-1
2592,-2
2593,-2
2594,1
2595,-1
2596,0
2597,-1
2598,-1
2599,0
2600,-1
2601,2
2602,1
2603,-1
2604,1
2605,0
2606,-2
2607,2
2608,2
2609,0
2610,-1
2611,-1
2612,-2
2613,-1
2614,-2
2615,0
2616,0
2617,0
2618,2
2619,0
2620,1
2621,-2
2622,1
2623,2
2624,1
2625,-2
2626,2
2627,0
2628,1
2629,-1
2630,1
2631,0
2632,0
2633,-1
2634,1
2635,-1
2636,2
2637,1
2638,1
2639,2
2640,-2
2641,-1
2642,-1
2643,-1
2644,-2
2645,-2
2646,1
2647,0
2648,-1
2649,-1
2650,-1
2651,-2
2652,-1
2653,-1
2654,0
2655,2
2656,-2
2657,2
2658,1
2659,2
2660,0
2661,-1
2662,0
2663,-1
2664,-1
2665,0
2666,-1
2667,-2
2668,1
2669,-1
2670,-1
2671,-1
2672,-1
2673,-1
2674,-2
2675,-1
2676,0
2677,2
2678,-1
2679,-1
2680,-1
2681,-1
2682,0
2683,2
2684,-1
2685,0
2686,-2
2687,2
2688,1
2689,-1
2690,-1
2691,-1
2692,0
2693,2
2694,-2
2695,1
2696,2
2697,-2
2698,-2
2699,0
2700,-2
2701,-1
2702,1
2703,-1
2704,2
2705,-2
2706,1
2707,2
2708,1
2709,-2
2710,1
2711,0
2712,1
2713,2
2714,2
2715,1
2716,-1
2717,-2
2718,2
2719,0
2720,-1
2721,0
2722,0
2723,1
2724,2
2725,-2
2726,0
2727,-1
2728,-1
2729,-1
2730,-1
2731,0
2732,0
2733,-2
2734,0
2735,-1
2736,0
2737,0
2738,1
2739,1
2740,-1
2741,-1
2742,1
2743,1
2744,2
2745,2
2746,1
2747,0
2748,-1
2749,1
2750,1
2751,-1
2752,-1
2753,-1
2754,2
2755,0
2756,-1
2757,1
2758,-1
2759,-1
2760,-1
2761,-1
2762,-1
2763,0
2764,-1
2765,-1
2766,-2
2767,2
2768,-1
2769,-1
2770,1
2771,1
2772,0
2773,2
2774,-1
2775,-1
2776,1
2777,-2
2778,-1
2779,0
2780,0
2781,-1
2782,2
2783,-1
2784,0
2785,1
2786,-2
2787,-1
2788,2
2789,0
2790,2
2791,-2
2792,1
2793,0
2794,2
2795,0
2796,2
2797,1
2798,2
2799,-2
2800,-2
2801,2
2802,1
2803,1
2804,-2
2805,-1
2806,-2
2807,1
2808,1
2809,0
2810,0
2811,1
2812,-2
2813,1
2814,-1
2815,-1
2816,2
2817,-1
2818,0
2819,-1
2820,1
2821,1
2822,-2
2823,0
2824,2
2825,-2
2826,-1
2827,0
2828,-1
2829,0
2830,-2
2831,-1
2832,0
2833,1
2834,1
2835,1
2836,-2
2837,-1
2838,1
2839,0
2840,2
2841,2
2842,-1
2843,-1
2844,-1
2845,-2
2846,-1
2847,-1
2848,-1
2849,-1
2850,-2
2851,0
2852,-1
2853,-1
2854,1
2855,2
2856,1
2857,2
2858,1
2859,-2
2860,0
2861,1
2862,1
2863,1
2864,-1
2865,-1
2866,-2
2867,2
2868,-2
2869,1
2870,1
2871,2
2872,2
2873,-1
2874,-1
2875,-1
2876,2
2877,2
2878,-1
2879,-2
2880,-1
2881,-2
2882,-1
2883,0
2884,1
2885,-2
2886,-2
2887,-1
2888,1
2889,-1
2890,-1
2891,2
2892,-1
2893,1
2894,0
2895,-1
2896,1
2897,-1
2898,1
2899,-1
2900,2
2901,0
2902,1
2903,0
2904,0
2905,0
2906,1
2907,-2
2908,0
2909,1
2910,0
2911,2
2912,1
2913,-1
2914,1
2915,1
2916,1
2917,0
2918,-1
2919,-2
2920,1
2921,2
2922,0
2923,-1
2924,-1
2925,-1
2926,-2
2927,2
2928,-2
2929,2
2930,-1
2931,2
2932,1
2933,2
2934,0
2935,1
2936,2
2937,-1
2938,1
2939,1
2940,-2
2941,1
2942,1
2943,1
2944,2
2945,0
2946,-1
2947,1
2948,0
2949,0
2950,-1
2951,-1
2952,-1
2953,1
2954,1
2955,-1
2956,1
2957,2
2958,-1
2959,0
2960,-1
2961,-1
2962,1
2963,-1
2964,0
2965,-1
2966,1
2967,-1
2968,0
2969,0
2970,0
2971,0
2972,0
2973,0
2974,0
2975,-1
2976,-2
2977,-2
2978,-1
2979,-1
2980,1
2981,0
2982,-2
2983,-1
2984,2
2985,1
2986,1
2987,1
2988,-1
2989,-1
2990,2
2991,0
2992,1
2993,1
2994,-1
2995,-1
2996,-2
2997,-1
2998,0
2999,-2
3000,-2
3001,0
3002,0
3003,-1
3004,0
3005,0
3006,0
3007,2
3008,2
3009,1
3010,2
3011,-1
3012,0
3013,0
3014,0
3015,-1
3016,0
3017,-1
3018,1
3019,1
3020,0
3021,0
3022,1
3023,1
3024,1
3025,1
3026,-1
3027,0
3028,1
3029,1
3030,0
3031,0
3032,2
3033,0
3034,-1
3035,2
3036,-1
3037,-2
3038,0
3039,2
3040,1
3041,1
3042,0
3043,1
3044,0
3045,-1
3046,1
3047,-2
3048,0
3049,0
3050,2
3051,0
3052,1
3053,-1
3054,2
3055,-2
3056,0
3057,1
3058,1
3059,0
3060,-1
3061,-1
3062,0
3063,-1
3064,0
3065,-1
3066,-2
3067,-2
3068,1
3069,1
3070,2
3071,1
3072,-1
3073,0
3074,-1
3075,1
3076,-2
3077,-1
3078,-1
3079,-2
3080,-1
3081,-2
3082,0
3083,-2
3084,1
3085,0
3086,2
3087,-1
3088,1
3089,0
3090,0
3091,0
3092,-1
3093,0
3094,1
3095,0
3096,0
3097,2
3098,-1
3099,2
3100,0
3101,1
3102,0
3103,1
3104,1
3105,0
3106,2
3107,0
3108,1
3109,-1
3110,0
3111,0
3112,1
3113,1
3114,0
3115,-1
3116,0
3117,0
3118,2
3119,0
3120,2
3121,-1
3122,0
3123,0
3124,0
3125,-1
3126,-1
3127,0
3128,0
3129,-1
3130,1
3131,1
3132,1
3133,2
3134,1
3135,2
3136,1
3137,2
3138,0
3139,2
3140,-2
3141,1
3142,2
3143,1
3144,2
3145,0
3146,0
3147,-1
3148,0
3149,-2
3150,2
3151,-1
3152,-1
3153,1
3154,-2
3155,-1
3156,0
3157,1
3158,0
3159,1
3160,2
3161,-1
3162,-1
3163,2
3164,-1
3165,-1
3166,-2
3167,2
3168,2
3169,1
3170,0
3171,2
3172,1
3173,0
3174,-1
3175,1
3176,2
3177,0
3178,1
3179,-1
3180,1
3181,-2
3182,-1
3183,2
3184,0
3185,-1
3186,-1
3187,-2
3188,-2
3189,-1
3190,-1
3191,0
3192,0
3193,0
3194,-1
3195,-1
3196,2
3197,1
3198,2
3199,1
3200,1
3201,0
3202,-2
3203,2
3204,2
3205,-1
3206,2
3207,2
3208,2
3209,1
3210,2
3211,1
3212,2
3213,1
3214,-2
3215,1
3216,0
3217,1
3218,2
3219,-1
3220,1
3221,0
3222,1
3223,-1
3224,-2
3225,-1
3226,2
3227,-2
3228,2
3229,0
3230,0
3231,-1
3232,-1
3233,0
3234,-2
3235,-1
3236,2
3237,-1
3238,1
3239,2
3240,1
3241,1
3242,0
3243,-1
3244,-1
3245,2
3246,2
3247,2
3248,0
3249,1
3250,2
3251,-1
3252,1
3253,0
3254,-2
3255,1
3256,2
3257,1
3258,1
3259,-1
3260,0
3261,-2
3262,0
3263,0
3264,-2
3265,1
3266,0
3267,2
3268,0
3269,2
3270,-1
3271,2
3272,0
3273,0
3274,0
3275,-1
3276,-1
3277,-1
3278,1
3279,2
3280,0
3281,1
3282,-1
3283,-1
3284,1
3285,-1
3286,1
3287,-2
3288,-1
3289,0
3290,-2
3291,-1
3292,-1
3293,-2
3294,-1
3295,-1
3296,-1
3297,-2
3298,-1
3299,1
3300,2
3301,0
3302,1
3303,0
3304,0
3305,1
3306,1
3307,2
3308,2
3309,1
3310,-1
3311,-1
3312,0
3313,2
3314,2
3315,2
3316,2
3317,2
3318,-1
3319,0
3320,-1
3321,1
3322,-1
3323,0
3324,1
3325,1
3326,-1
3327,-2
3328,1
3329,-1
3330,-2
3331,0
3332,2
3333,1
3334,2
3335,-1
3336,-1
3337,-1
3338,0
3339,0
3340,2
3341,2
3342,-1
3343,-1
3344,-1
3345,-2
3346,0
3347,0
3348,-2
3349,-1
3350,2
3351,-1
3352,2
3353,0
3354,0
3355,0
3356,2
3357,1
3358,-1
3359,-1
3360,1
3361,-2
3362,2
3363,0
3364,1
3365,1
3366,-2
3367,-1
3368,-1
3369,2
3370,1
3371,-1
3372,-1
3373,2
3374,1
3375,2
3376,1
3377,2
3378,-2
3379,-1
3380,-1
3381,0
3382,1
3383,-1
3384,1
3385,0
3386,2
3387,0
3388,1
3389,0
3390,1
3391,0
3392,0
3393,0
3394,-1
3395,0
3396,0
3397,-1
3398,-2
3399,2
3400,2
3401,2
3402,-2
3403,2
3404,-1
3405,-1
3406,-2
3407,1
3408,-1
3409,1
3410,0
3411,0
3412,1
3413,2
3414,0
3415,-1
3416,1
3417,1
3418,0
3419,1
3420,0
3421,0
3422,-1
3423,-2
3424,0
3425,1
3426,1
3427,0
3428,1
3429,0
3430,0
3431,-1
3432,2
3433,1
3434,-2
3435,-1
3436,-2
3437,-2
3438,0
3439,2
3440,0
3441,0
3442,1
3443,-1
3444,-2
3445,0
3446,-1
3447,1
3448,2
3449,0
3450,0
3451,0
3452,1
3453,0
3454,1
3455,-2
3456,1
3457,1
3458,1
3459,2
3460,0
3461,1
3462,0
3463,1
3464,2
3465,-1
3466,-1
3467,2
3468,-2
3469,0
3470,-1
3471,-2
3472,-1
3473,-2
3474,-1
3475,-1
3476,-2
3477,0
3478,-1
3479,-2
3480,-1
3481,-2
3482,-1
3483,-1
3484,-2
3485,0
3486,-1
3487,-1
3488,2
3489,0
3490,-1
3491,0
3492,-1
3493,-1
3494,2
3495,2
3496,2
3497,0
3498,-1
3499,0
3500,-2
3501,-2
3502,2
3503,2
3504,0
3505,1
3506,2
3507,-1
3508,0
3509,-1
3510,-1
3511,1
3512,0
3513,-1
3514,1
3515,1
3516,0
3517,0
3518,0
3519,0
3520,0
3521,0
3522,0
3523,2
3524,-1
3525,1
3526,-1
3527,-1
3528,-1
3529,-2
3530,-1
3531,-1
3532,2
3533,1
3534,-2
3535,-1
3536,2
3537,-1
3538,1
3539,0
3540,0
3541,1
3542,0
3543,-2
3544,0
3545,0
3546,0
3547,0
3548,0
3549,1
3550,0
3551,0
3552,2
3553,1
3554,0
3555,0
3556,0
3557,-1
3558,0
3559,0
3560,-2
3561,1
3562,2
3563,1
3564,2
3565,-1
3566,1
3567,1
3568,1
3569,2
3570,-1
3571,2
3572,0
3573,0
3574,1
3575,0
3576,0
3577,1
3578,-1
3579,2
3580,0
3581,0
3582,0
3583,-1
3584,0
3585,1
3586,2
3587,-1
3588,2
3589,0
3590,0
3591,1
3592,1
3593,2
3594,0
3595,-1
3596,0
